email,phone_number,password
123@1.me,123456789,$2y$10$B8vNmAm3kbJVWXJipgIPw.5vnCpzioadhlvYwyhx.WGEvyG2yjNzG
1.2.3@domain.name,012.345-6789,$2y$10$mEAf26pOtnMaktrifZ.QbeMYCzJO68XMMQKpDuEZ.Xl1n.glNqpVsdlrkdsls3701@gmail.com,"0-1-2-3.34.5 6.7-8-9",$2y$10$xU05ZU78TA0IVr5p40v1vOc4my4d.odTQKkwyK9EzBojozh5RtAKuh1h1@gmail.com,0123123253,$2y$10$cuJXim81QkTFezXUGnMfSuPtccnups0M6prUduoqGtJg7Vmc1C0SW

h1h1@gmail.com,0123123253,$2y$10$7LGulnm9.u4xSqSclaNpoecft5HMMhf.dGeTbKdx4/UoiYfctE7.W

haha@gmail.com,0282828282,$2y$10$PLEk4tMEH7LVQz4HJBW4FuebzNHcGTCM3fTRUevXR6VSHRO.g4Gfu

h7h7@gmail.com,183828288,$2y$10$/uoZ1Z53JeDgVPj1qngSe.tood1GzjxFhxm7/kP113eyI486fn.nS

dlrkdsls3701@gmail.com,"0-1-2-3.34.5 6.7-8-9",$2y$10$xqZtn9G1xzrRDjfM2aphY.CsLxC7LdUDt4PQCcgde7C11rpyngBzK

dlrkdsls3702@gmail.com,"0-1-2-3.34.5 6.7-8-0",$2y$10$0PKxIBkBnYHe1r0hGbaCQ.WFH0d4jyDB3EEp/UDFBTOfV4rCJaDlG

dlrkdsls3703@gmail.com,"0-1-2-3.34.5 6.7-8-3",$2y$10$v56iAMNoyeT48FuqbOpdKe1cJzX0Vc9B3l8GLQ5DwSGW0iDDOMp/6

